_time,_start,_stop,_measurement,application_name,dev_eui,device_name,dr,frequency,f_cnt,rssi,snr
2025-02-12 15:03:37.247620+00:00,2025-02-12 15:03:32.276320+00:00,2025-02-12 15:33:32.276320+00:00,device_uplink,Ns-3 Application,0001000000000002,Device 2,5,868100000,481,-118,-1.0
2025-02-12 15:03:42.247319+00:00,2025-02-12 15:03:32.276320+00:00,2025-02-12 15:33:32.276320+00:00,device_uplink,Ns-3 Application,0001000000000002,Device 2,5,867100000,482,-115,2.5
2025-02-12 15:03:57.247002+00:00,2025-02-12 15:03:32.276320+00:00,2025-02-12 15:33:32.276320+00:00,device_uplink,Ns-3 Application,0001000000000002,Device 2,5,868100000,485,-117,-0.2
2025-02-12 15:04:02.251266+00:00,2025-02-12 15:03:32.276320+00:00,2025-02-12 15:33:32.276320+00:00,device_uplink,Ns-3 Application,0001000000000002,Device 2,5,867900000,486,-124,-7.1
2025-02-12 15:04:07.241616+00:00,2025-02-12 15:03:32.276320+00:00,2025-02-12 15:33:32.276320+00:00,device_uplink,Ns-3 Application,0001000000000002,Device 2,5,868300000,487,-115,2.5
2025-02-12 15:04:17.247950+00:00,2025-02-12 15:03:32.276320+00:00,2025-02-12 15:33:32.276320+00:00,device_uplink,Ns-3 Application,0001000000000002,Device 2,5,868100000,489,-112,4.7
2025-02-12 15:04:22.250067+00:00,2025-02-12 15:03:32.276320+00:00,2025-02-12 15:33:32.276320+00:00,device_uplink,Ns-3 Application,0001000000000002,Device 2,5,867300000,490,-116,1.1
2025-02-12 15:04:27.258417+00:00,2025-02-12 15:03:32.276320+00:00,2025-02-12 15:33:32.276320+00:00,device_uplink,Ns-3 Application,0001000000000002,Device 2,5,868100000,491,-115,1.8
2025-02-12 15:04:32.250733+00:00,2025-02-12 15:03:32.276320+00:00,2025-02-12 15:33:32.276320+00:00,device_uplink,Ns-3 Application,0001000000000002,Device 2,5,867900000,492,-126,-9.4
2025-02-12 15:04:37.244766+00:00,2025-02-12 15:03:32.276320+00:00,2025-02-12 15:33:32.276320+00:00,device_uplink,Ns-3 Application,0001000000000002,Device 2,5,868300000,493,-121,-3.9
2025-02-12 15:04:42.251313+00:00,2025-02-12 15:03:32.276320+00:00,2025-02-12 15:33:32.276320+00:00,device_uplink,Ns-3 Application,0001000000000002,Device 2,5,867500000,494,-116,0.7
2025-02-12 15:04:47.248152+00:00,2025-02-12 15:03:32.276320+00:00,2025-02-12 15:33:32.276320+00:00,device_uplink,Ns-3 Application,0001000000000002,Device 2,5,868500000,495,-125,-7.5
2025-02-12 15:04:52.260799+00:00,2025-02-12 15:03:32.276320+00:00,2025-02-12 15:33:32.276320+00:00,device_uplink,Ns-3 Application,0001000000000002,Device 2,5,867100000,496,-120,-3.0
2025-02-12 15:04:57.245330+00:00,2025-02-12 15:03:32.276320+00:00,2025-02-12 15:33:32.276320+00:00,device_uplink,Ns-3 Application,0001000000000002,Device 2,5,868300000,497,-116,1.5
2025-02-12 15:05:07.244648+00:00,2025-02-12 15:03:32.276320+00:00,2025-02-12 15:33:32.276320+00:00,device_uplink,Ns-3 Application,0001000000000002,Device 2,5,868300000,499,-118,-1.2
2025-02-12 15:05:17.241011+00:00,2025-02-12 15:03:32.276320+00:00,2025-02-12 15:33:32.276320+00:00,device_uplink,Ns-3 Application,0001000000000002,Device 2,5,868500000,501,-117,-0.3
2025-02-12 15:05:22.244331+00:00,2025-02-12 15:03:32.276320+00:00,2025-02-12 15:33:32.276320+00:00,device_uplink,Ns-3 Application,0001000000000002,Device 2,5,867500000,502,-122,-5.0
2025-02-12 15:05:32.250764+00:00,2025-02-12 15:03:32.276320+00:00,2025-02-12 15:33:32.276320+00:00,device_uplink,Ns-3 Application,0001000000000002,Device 2,5,867700000,504,-121,-3.7
2025-02-12 15:05:42.246585+00:00,2025-02-12 15:03:32.276320+00:00,2025-02-12 15:33:32.276320+00:00,device_uplink,Ns-3 Application,0001000000000002,Device 2,5,867300000,506,-124,-7.4
2025-02-12 15:05:47.247309+00:00,2025-02-12 15:03:32.276320+00:00,2025-02-12 15:33:32.276320+00:00,device_uplink,Ns-3 Application,0001000000000002,Device 2,5,868100000,507,-124,-7.4
2025-02-12 15:05:52.249913+00:00,2025-02-12 15:03:32.276320+00:00,2025-02-12 15:33:32.276320+00:00,device_uplink,Ns-3 Application,0001000000000002,Device 2,5,867500000,508,-119,-1.6
2025-02-12 15:05:57.247728+00:00,2025-02-12 15:03:32.276320+00:00,2025-02-12 15:33:32.276320+00:00,device_uplink,Ns-3 Application,0001000000000002,Device 2,5,868500000,509,-120,-3.4
2025-02-12 15:06:02.251003+00:00,2025-02-12 15:03:32.276320+00:00,2025-02-12 15:33:32.276320+00:00,device_uplink,Ns-3 Application,0001000000000002,Device 2,5,867700000,510,-116,0.6
2025-02-12 15:06:07.257561+00:00,2025-02-12 15:03:32.276320+00:00,2025-02-12 15:33:32.276320+00:00,device_uplink,Ns-3 Application,0001000000000002,Device 2,5,868100000,511,-120,-2.7
2025-02-12 15:06:12.249563+00:00,2025-02-12 15:03:32.276320+00:00,2025-02-12 15:33:32.276320+00:00,device_uplink,Ns-3 Application,0001000000000002,Device 2,5,867500000,512,-119,-2.1
2025-02-12 15:06:22.250674+00:00,2025-02-12 15:03:32.276320+00:00,2025-02-12 15:33:32.276320+00:00,device_uplink,Ns-3 Application,0001000000000002,Device 2,5,867500000,514,-124,-7.1
2025-02-12 15:06:27.247054+00:00,2025-02-12 15:03:32.276320+00:00,2025-02-12 15:33:32.276320+00:00,device_uplink,Ns-3 Application,0001000000000002,Device 2,5,868100000,515,-125,-7.6
2025-02-12 15:06:32.251620+00:00,2025-02-12 15:03:32.276320+00:00,2025-02-12 15:33:32.276320+00:00,device_uplink,Ns-3 Application,0001000000000002,Device 2,5,867500000,516,-121,-4.1
2025-02-12 15:06:37.255090+00:00,2025-02-12 15:03:32.276320+00:00,2025-02-12 15:33:32.276320+00:00,device_uplink,Ns-3 Application,0001000000000002,Device 2,5,868100000,517,-121,-3.8
2025-02-12 15:06:42.240083+00:00,2025-02-12 15:03:32.276320+00:00,2025-02-12 15:33:32.276320+00:00,device_uplink,Ns-3 Application,0001000000000002,Device 2,5,867500000,518,-121,-4.3
2025-02-12 15:06:47.253674+00:00,2025-02-12 15:03:32.276320+00:00,2025-02-12 15:33:32.276320+00:00,device_uplink,Ns-3 Application,0001000000000002,Device 2,5,868100000,519,-117,-0.5
2025-02-12 15:06:52.243175+00:00,2025-02-12 15:03:32.276320+00:00,2025-02-12 15:33:32.276320+00:00,device_uplink,Ns-3 Application,0001000000000002,Device 2,5,867900000,520,-125,-8.2
2025-02-12 15:06:57.248097+00:00,2025-02-12 15:03:32.276320+00:00,2025-02-12 15:33:32.276320+00:00,device_uplink,Ns-3 Application,0001000000000002,Device 2,5,868100000,521,-123,-6.2
2025-02-12 15:07:07.286729+00:00,2025-02-12 15:03:32.276320+00:00,2025-02-12 15:33:32.276320+00:00,device_uplink,Ns-3 Application,0001000000000002,Device 2,5,868100000,523,-116,0.6
2025-02-12 15:07:12.249519+00:00,2025-02-12 15:03:32.276320+00:00,2025-02-12 15:33:32.276320+00:00,device_uplink,Ns-3 Application,0001000000000002,Device 2,5,867500000,524,-115,2.0
2025-02-12 15:07:17.241373+00:00,2025-02-12 15:03:32.276320+00:00,2025-02-12 15:33:32.276320+00:00,device_uplink,Ns-3 Application,0001000000000002,Device 2,5,868100000,525,-113,4.2
2025-02-12 15:07:22.242134+00:00,2025-02-12 15:03:32.276320+00:00,2025-02-12 15:33:32.276320+00:00,device_uplink,Ns-3 Application,0001000000000002,Device 2,5,867900000,526,-126,-9.4
2025-02-12 15:07:27.248682+00:00,2025-02-12 15:03:32.276320+00:00,2025-02-12 15:33:32.276320+00:00,device_uplink,Ns-3 Application,0001000000000002,Device 2,5,868100000,527,-119,-1.5
2025-02-12 15:07:32.244229+00:00,2025-02-12 15:03:32.276320+00:00,2025-02-12 15:33:32.276320+00:00,device_uplink,Ns-3 Application,0001000000000002,Device 2,5,867500000,528,-121,-3.6
2025-02-12 15:07:42.249459+00:00,2025-02-12 15:03:32.276320+00:00,2025-02-12 15:33:32.276320+00:00,device_uplink,Ns-3 Application,0001000000000002,Device 2,5,867900000,530,-114,2.8
2025-02-12 15:07:47.249034+00:00,2025-02-12 15:03:32.276320+00:00,2025-02-12 15:33:32.276320+00:00,device_uplink,Ns-3 Application,0001000000000002,Device 2,5,868100000,531,-122,-5.0
2025-02-12 15:07:52.243983+00:00,2025-02-12 15:03:32.276320+00:00,2025-02-12 15:33:32.276320+00:00,device_uplink,Ns-3 Application,0001000000000002,Device 2,5,867500000,532,-123,-6.0
2025-02-12 15:07:57.248659+00:00,2025-02-12 15:03:32.276320+00:00,2025-02-12 15:33:32.276320+00:00,device_uplink,Ns-3 Application,0001000000000002,Device 2,5,868100000,533,-113,3.7
2025-02-12 15:08:07.242782+00:00,2025-02-12 15:03:32.276320+00:00,2025-02-12 15:33:32.276320+00:00,device_uplink,Ns-3 Application,0001000000000002,Device 2,5,868100000,535,-122,-4.7
2025-02-12 15:08:12.249347+00:00,2025-02-12 15:03:32.276320+00:00,2025-02-12 15:33:32.276320+00:00,device_uplink,Ns-3 Application,0001000000000002,Device 2,5,867500000,536,-120,-2.5
2025-02-12 15:08:17.242549+00:00,2025-02-12 15:03:32.276320+00:00,2025-02-12 15:33:32.276320+00:00,device_uplink,Ns-3 Application,0001000000000002,Device 2,5,868100000,537,-121,-3.7
2025-02-12 15:08:22.244955+00:00,2025-02-12 15:03:32.276320+00:00,2025-02-12 15:33:32.276320+00:00,device_uplink,Ns-3 Application,0001000000000002,Device 2,5,867900000,538,-118,-0.9
2025-02-12 15:08:27.240617+00:00,2025-02-12 15:03:32.276320+00:00,2025-02-12 15:33:32.276320+00:00,device_uplink,Ns-3 Application,0001000000000002,Device 2,5,868100000,539,-124,-6.5
2025-02-12 15:08:32.249156+00:00,2025-02-12 15:03:32.276320+00:00,2025-02-12 15:33:32.276320+00:00,device_uplink,Ns-3 Application,0001000000000002,Device 2,5,867500000,540,-122,-4.8
2025-02-12 15:08:37.255457+00:00,2025-02-12 15:03:32.276320+00:00,2025-02-12 15:33:32.276320+00:00,device_uplink,Ns-3 Application,0001000000000002,Device 2,5,868100000,541,-126,-9.1
2025-02-12 15:08:47.247196+00:00,2025-02-12 15:03:32.276320+00:00,2025-02-12 15:33:32.276320+00:00,device_uplink,Ns-3 Application,0001000000000002,Device 2,5,868100000,543,-118,-1.4
2025-02-12 15:08:52.245741+00:00,2025-02-12 15:03:32.276320+00:00,2025-02-12 15:33:32.276320+00:00,device_uplink,Ns-3 Application,0001000000000002,Device 2,5,867900000,544,-121,-4.3
2025-02-12 15:08:57.247638+00:00,2025-02-12 15:03:32.276320+00:00,2025-02-12 15:33:32.276320+00:00,device_uplink,Ns-3 Application,0001000000000002,Device 2,5,868100000,545,-120,-2.8
2025-02-12 15:09:02.246316+00:00,2025-02-12 15:03:32.276320+00:00,2025-02-12 15:33:32.276320+00:00,device_uplink,Ns-3 Application,0001000000000002,Device 2,5,867500000,546,-118,-0.7
2025-02-12 15:09:07.247708+00:00,2025-02-12 15:03:32.276320+00:00,2025-02-12 15:33:32.276320+00:00,device_uplink,Ns-3 Application,0001000000000002,Device 2,5,868100000,547,-115,2.1
2025-02-12 15:09:17.249689+00:00,2025-02-12 15:03:32.276320+00:00,2025-02-12 15:33:32.276320+00:00,device_uplink,Ns-3 Application,0001000000000002,Device 2,5,868100000,549,-113,4.1
2025-02-12 15:09:22.247303+00:00,2025-02-12 15:03:32.276320+00:00,2025-02-12 15:33:32.276320+00:00,device_uplink,Ns-3 Application,0001000000000002,Device 2,5,867900000,550,-122,-4.6
2025-02-12 15:09:27.244226+00:00,2025-02-12 15:03:32.276320+00:00,2025-02-12 15:33:32.276320+00:00,device_uplink,Ns-3 Application,0001000000000002,Device 2,5,868100000,551,-119,-2.4
2025-02-12 15:09:32.252036+00:00,2025-02-12 15:03:32.276320+00:00,2025-02-12 15:33:32.276320+00:00,device_uplink,Ns-3 Application,0001000000000002,Device 2,5,867900000,552,-119,-2.0
2025-02-12 15:09:42.246476+00:00,2025-02-12 15:03:32.276320+00:00,2025-02-12 15:33:32.276320+00:00,device_uplink,Ns-3 Application,0001000000000002,Device 2,5,867500000,554,-121,-4.0
2025-02-12 15:09:47.248196+00:00,2025-02-12 15:03:32.276320+00:00,2025-02-12 15:33:32.276320+00:00,device_uplink,Ns-3 Application,0001000000000002,Device 2,5,868100000,555,-117,0.0
2025-02-12 15:09:52.249146+00:00,2025-02-12 15:03:32.276320+00:00,2025-02-12 15:33:32.276320+00:00,device_uplink,Ns-3 Application,0001000000000002,Device 2,5,867500000,556,-120,-2.6
2025-02-12 15:09:57.256429+00:00,2025-02-12 15:03:32.276320+00:00,2025-02-12 15:33:32.276320+00:00,device_uplink,Ns-3 Application,0001000000000002,Device 2,5,868100000,557,-124,-7.1
2025-02-12 15:10:12.250215+00:00,2025-02-12 15:03:32.276320+00:00,2025-02-12 15:33:32.276320+00:00,device_uplink,Ns-3 Application,0001000000000002,Device 2,5,867500000,560,-121,-4.0
2025-02-12 15:10:17.246028+00:00,2025-02-12 15:03:32.276320+00:00,2025-02-12 15:33:32.276320+00:00,device_uplink,Ns-3 Application,0001000000000002,Device 2,5,868100000,561,-122,-5.2
2025-02-12 15:10:27.246785+00:00,2025-02-12 15:03:32.276320+00:00,2025-02-12 15:33:32.276320+00:00,device_uplink,Ns-3 Application,0001000000000002,Device 2,5,868100000,563,-119,-2.2
2025-02-12 15:10:37.250961+00:00,2025-02-12 15:03:32.276320+00:00,2025-02-12 15:33:32.276320+00:00,device_uplink,Ns-3 Application,0001000000000002,Device 2,5,868100000,565,-126,-9.0
2025-02-12 15:10:42.249772+00:00,2025-02-12 15:03:32.276320+00:00,2025-02-12 15:33:32.276320+00:00,device_uplink,Ns-3 Application,0001000000000002,Device 2,5,867900000,566,-119,-2.4
2025-02-12 15:10:47.245776+00:00,2025-02-12 15:03:32.276320+00:00,2025-02-12 15:33:32.276320+00:00,device_uplink,Ns-3 Application,0001000000000002,Device 2,5,868100000,567,-126,-9.3
2025-02-12 15:10:52.241940+00:00,2025-02-12 15:03:32.276320+00:00,2025-02-12 15:33:32.276320+00:00,device_uplink,Ns-3 Application,0001000000000002,Device 2,5,867900000,568,-120,-2.9
2025-02-12 15:10:57.249147+00:00,2025-02-12 15:03:32.276320+00:00,2025-02-12 15:33:32.276320+00:00,device_uplink,Ns-3 Application,0001000000000002,Device 2,5,868100000,569,-116,0.6
2025-02-12 15:11:02.290824+00:00,2025-02-12 15:03:32.276320+00:00,2025-02-12 15:33:32.276320+00:00,device_uplink,Ns-3 Application,0001000000000002,Device 2,5,867900000,570,-119,-1.9
2025-02-12 15:11:12.251007+00:00,2025-02-12 15:03:32.276320+00:00,2025-02-12 15:33:32.276320+00:00,device_uplink,Ns-3 Application,0001000000000002,Device 2,5,867900000,572,-117,-0.4
2025-02-12 15:11:17.256071+00:00,2025-02-12 15:03:32.276320+00:00,2025-02-12 15:33:32.276320+00:00,device_uplink,Ns-3 Application,0001000000000002,Device 2,5,868100000,573,-119,-2.4
2025-02-12 15:11:27.263772+00:00,2025-02-12 15:03:32.276320+00:00,2025-02-12 15:33:32.276320+00:00,device_uplink,Ns-3 Application,0001000000000002,Device 2,5,868100000,575,-113,4.1
2025-02-12 15:11:32.253257+00:00,2025-02-12 15:03:32.276320+00:00,2025-02-12 15:33:32.276320+00:00,device_uplink,Ns-3 Application,0001000000000002,Device 2,5,867900000,576,-116,1.2
2025-02-12 15:11:42.245386+00:00,2025-02-12 15:03:32.276320+00:00,2025-02-12 15:33:32.276320+00:00,device_uplink,Ns-3 Application,0001000000000002,Device 2,5,867500000,578,-119,-2.5
2025-02-12 15:11:47.251062+00:00,2025-02-12 15:03:32.276320+00:00,2025-02-12 15:33:32.276320+00:00,device_uplink,Ns-3 Application,0001000000000002,Device 2,5,868100000,579,-118,-1.1
2025-02-12 15:11:52.240309+00:00,2025-02-12 15:03:32.276320+00:00,2025-02-12 15:33:32.276320+00:00,device_uplink,Ns-3 Application,0001000000000002,Device 2,5,867500000,580,-121,-4.1
2025-02-12 15:11:57.245290+00:00,2025-02-12 15:03:32.276320+00:00,2025-02-12 15:33:32.276320+00:00,device_uplink,Ns-3 Application,0001000000000002,Device 2,5,868100000,581,-118,-1.4
2025-02-12 15:12:02.244501+00:00,2025-02-12 15:03:32.276320+00:00,2025-02-12 15:33:32.276320+00:00,device_uplink,Ns-3 Application,0001000000000002,Device 2,5,867900000,582,-115,2.3
2025-02-12 15:12:07.251746+00:00,2025-02-12 15:03:32.276320+00:00,2025-02-12 15:33:32.276320+00:00,device_uplink,Ns-3 Application,0001000000000002,Device 2,5,868100000,583,-124,-7.2
2025-02-12 15:12:12.246810+00:00,2025-02-12 15:03:32.276320+00:00,2025-02-12 15:33:32.276320+00:00,device_uplink,Ns-3 Application,0001000000000002,Device 2,5,867500000,584,-121,-4.1
2025-02-12 15:12:17.251319+00:00,2025-02-12 15:03:32.276320+00:00,2025-02-12 15:33:32.276320+00:00,device_uplink,Ns-3 Application,0001000000000002,Device 2,5,868100000,585,-117,0.1
2025-02-12 15:12:27.247763+00:00,2025-02-12 15:03:32.276320+00:00,2025-02-12 15:33:32.276320+00:00,device_uplink,Ns-3 Application,0001000000000002,Device 2,5,868100000,587,-113,3.8
2025-02-12 15:12:32.249170+00:00,2025-02-12 15:03:32.276320+00:00,2025-02-12 15:33:32.276320+00:00,device_uplink,Ns-3 Application,0001000000000002,Device 2,5,867900000,588,-121,-4.5
2025-02-12 15:12:47.245341+00:00,2025-02-12 15:03:32.276320+00:00,2025-02-12 15:33:32.276320+00:00,device_uplink,Ns-3 Application,0001000000000002,Device 2,5,868100000,591,-121,-3.9
2025-02-12 15:12:52.260356+00:00,2025-02-12 15:03:32.276320+00:00,2025-02-12 15:33:32.276320+00:00,device_uplink,Ns-3 Application,0001000000000002,Device 2,5,867500000,592,-115,2.0
2025-02-12 15:12:57.249639+00:00,2025-02-12 15:03:32.276320+00:00,2025-02-12 15:33:32.276320+00:00,device_uplink,Ns-3 Application,0001000000000002,Device 2,5,868100000,593,-118,-1.5
2025-02-12 15:13:02.246336+00:00,2025-02-12 15:03:32.276320+00:00,2025-02-12 15:33:32.276320+00:00,device_uplink,Ns-3 Application,0001000000000002,Device 2,5,867500000,594,-120,-2.9
2025-02-12 15:13:07.260302+00:00,2025-02-12 15:03:32.276320+00:00,2025-02-12 15:33:32.276320+00:00,device_uplink,Ns-3 Application,0001000000000002,Device 2,5,868100000,595,-125,-8.2
2025-02-12 15:13:12.266083+00:00,2025-02-12 15:03:32.276320+00:00,2025-02-12 15:33:32.276320+00:00,device_uplink,Ns-3 Application,0001000000000002,Device 2,5,867500000,596,-117,0.2
2025-02-12 15:13:17.269104+00:00,2025-02-12 15:03:32.276320+00:00,2025-02-12 15:33:32.276320+00:00,device_uplink,Ns-3 Application,0001000000000002,Device 2,5,868100000,597,-117,-0.3
2025-02-12 15:13:22.255566+00:00,2025-02-12 15:03:32.276320+00:00,2025-02-12 15:33:32.276320+00:00,device_uplink,Ns-3 Application,0001000000000002,Device 2,5,867500000,598,-117,-0.4
2025-02-12 15:13:27.261708+00:00,2025-02-12 15:03:32.276320+00:00,2025-02-12 15:33:32.276320+00:00,device_uplink,Ns-3 Application,0001000000000002,Device 2,5,868100000,599,-117,0.2
2025-02-12 15:13:32.269924+00:00,2025-02-12 15:03:32.276320+00:00,2025-02-12 15:33:32.276320+00:00,device_uplink,Ns-3 Application,0001000000000002,Device 2,5,867500000,600,-122,-5.5
2025-02-12 15:13:37.264291+00:00,2025-02-12 15:03:32.276320+00:00,2025-02-12 15:33:32.276320+00:00,device_uplink,Ns-3 Application,0001000000000002,Device 2,5,868100000,601,-119,-1.6
2025-02-12 15:13:42.254700+00:00,2025-02-12 15:03:32.276320+00:00,2025-02-12 15:33:32.276320+00:00,device_uplink,Ns-3 Application,0001000000000002,Device 2,5,867500000,602,-126,-8.6
2025-02-12 15:13:47.270020+00:00,2025-02-12 15:03:32.276320+00:00,2025-02-12 15:33:32.276320+00:00,device_uplink,Ns-3 Application,0001000000000002,Device 2,5,868100000,603,-116,1.1
2025-02-12 15:13:52.262378+00:00,2025-02-12 15:03:32.276320+00:00,2025-02-12 15:33:32.276320+00:00,device_uplink,Ns-3 Application,0001000000000002,Device 2,5,867500000,604,-122,-4.9
2025-02-12 15:13:57.252344+00:00,2025-02-12 15:03:32.276320+00:00,2025-02-12 15:33:32.276320+00:00,device_uplink,Ns-3 Application,0001000000000002,Device 2,5,868100000,605,-117,0.2
2025-02-12 15:14:02.254126+00:00,2025-02-12 15:03:32.276320+00:00,2025-02-12 15:33:32.276320+00:00,device_uplink,Ns-3 Application,0001000000000002,Device 2,5,867900000,606,-121,-4.3
2025-02-12 15:14:07.257326+00:00,2025-02-12 15:03:32.276320+00:00,2025-02-12 15:33:32.276320+00:00,device_uplink,Ns-3 Application,0001000000000002,Device 2,5,868100000,607,-121,-3.7
2025-02-12 15:14:17.264326+00:00,2025-02-12 15:03:32.276320+00:00,2025-02-12 15:33:32.276320+00:00,device_uplink,Ns-3 Application,0001000000000002,Device 2,5,868100000,609,-122,-4.5
2025-02-12 15:14:22.253786+00:00,2025-02-12 15:03:32.276320+00:00,2025-02-12 15:33:32.276320+00:00,device_uplink,Ns-3 Application,0001000000000002,Device 2,5,867900000,610,-123,-5.9
2025-02-12 15:14:32.267163+00:00,2025-02-12 15:03:32.276320+00:00,2025-02-12 15:33:32.276320+00:00,device_uplink,Ns-3 Application,0001000000000002,Device 2,5,867500000,612,-120,-2.8
2025-02-12 15:14:37.260911+00:00,2025-02-12 15:03:32.276320+00:00,2025-02-12 15:33:32.276320+00:00,device_uplink,Ns-3 Application,0001000000000002,Device 2,5,868100000,613,-122,-4.6
2025-02-12 15:14:42.261708+00:00,2025-02-12 15:03:32.276320+00:00,2025-02-12 15:33:32.276320+00:00,device_uplink,Ns-3 Application,0001000000000002,Device 2,5,867900000,614,-119,-2.3
2025-02-12 15:14:47.260637+00:00,2025-02-12 15:03:32.276320+00:00,2025-02-12 15:33:32.276320+00:00,device_uplink,Ns-3 Application,0001000000000002,Device 2,5,868100000,615,-119,-1.7
2025-02-12 15:14:52.261284+00:00,2025-02-12 15:03:32.276320+00:00,2025-02-12 15:33:32.276320+00:00,device_uplink,Ns-3 Application,0001000000000002,Device 2,5,867500000,616,-124,-7.2
2025-02-12 15:14:57.254442+00:00,2025-02-12 15:03:32.276320+00:00,2025-02-12 15:33:32.276320+00:00,device_uplink,Ns-3 Application,0001000000000002,Device 2,5,868100000,617,-117,0.2
2025-02-12 15:15:02.267188+00:00,2025-02-12 15:03:32.276320+00:00,2025-02-12 15:33:32.276320+00:00,device_uplink,Ns-3 Application,0001000000000002,Device 2,5,867900000,618,-116,0.9
2025-02-12 15:15:07.252292+00:00,2025-02-12 15:03:32.276320+00:00,2025-02-12 15:33:32.276320+00:00,device_uplink,Ns-3 Application,0001000000000002,Device 2,5,868100000,619,-119,-2.0
2025-02-12 15:15:22.261716+00:00,2025-02-12 15:03:32.276320+00:00,2025-02-12 15:33:32.276320+00:00,device_uplink,Ns-3 Application,0001000000000002,Device 2,5,867500000,622,-116,0.6
2025-02-12 15:15:27.254627+00:00,2025-02-12 15:03:32.276320+00:00,2025-02-12 15:33:32.276320+00:00,device_uplink,Ns-3 Application,0001000000000002,Device 2,5,868100000,623,-121,-3.5
2025-02-12 15:15:37.258405+00:00,2025-02-12 15:03:32.276320+00:00,2025-02-12 15:33:32.276320+00:00,device_uplink,Ns-3 Application,0001000000000002,Device 2,5,868100000,625,-125,-7.5
2025-02-12 15:15:42.271296+00:00,2025-02-12 15:03:32.276320+00:00,2025-02-12 15:33:32.276320+00:00,device_uplink,Ns-3 Application,0001000000000002,Device 2,5,867500000,626,-119,-2.1
2025-02-12 15:16:02.258685+00:00,2025-02-12 15:03:32.276320+00:00,2025-02-12 15:33:32.276320+00:00,device_uplink,Ns-3 Application,0001000000000002,Device 2,5,867500000,630,-120,-3.1
2025-02-12 15:16:07.268491+00:00,2025-02-12 15:03:32.276320+00:00,2025-02-12 15:33:32.276320+00:00,device_uplink,Ns-3 Application,0001000000000002,Device 2,5,868100000,631,-125,-7.8
2025-02-12 15:16:17.259515+00:00,2025-02-12 15:03:32.276320+00:00,2025-02-12 15:33:32.276320+00:00,device_uplink,Ns-3 Application,0001000000000002,Device 2,5,868100000,633,-117,0.1
2025-02-12 15:16:22.262880+00:00,2025-02-12 15:03:32.276320+00:00,2025-02-12 15:33:32.276320+00:00,device_uplink,Ns-3 Application,0001000000000002,Device 2,5,867900000,634,-123,-5.8
2025-02-12 15:16:27.263648+00:00,2025-02-12 15:03:32.276320+00:00,2025-02-12 15:33:32.276320+00:00,device_uplink,Ns-3 Application,0001000000000002,Device 2,5,868100000,635,-124,-7.1
2025-02-12 15:16:37.268610+00:00,2025-02-12 15:03:32.276320+00:00,2025-02-12 15:33:32.276320+00:00,device_uplink,Ns-3 Application,0001000000000002,Device 2,5,868100000,637,-125,-8.0
2025-02-12 15:16:42.257882+00:00,2025-02-12 15:03:32.276320+00:00,2025-02-12 15:33:32.276320+00:00,device_uplink,Ns-3 Application,0001000000000002,Device 2,5,867900000,638,-112,4.9
2025-02-12 15:16:47.258273+00:00,2025-02-12 15:03:32.276320+00:00,2025-02-12 15:33:32.276320+00:00,device_uplink,Ns-3 Application,0001000000000002,Device 2,5,868100000,639,-122,-5.0
2025-02-12 15:16:57.253898+00:00,2025-02-12 15:03:32.276320+00:00,2025-02-12 15:33:32.276320+00:00,device_uplink,Ns-3 Application,0001000000000002,Device 2,5,868100000,641,-125,-8.5
2025-02-12 15:17:02.257212+00:00,2025-02-12 15:03:32.276320+00:00,2025-02-12 15:33:32.276320+00:00,device_uplink,Ns-3 Application,0001000000000002,Device 2,5,867900000,642,-117,-0.2
2025-02-12 15:17:07.251885+00:00,2025-02-12 15:03:32.276320+00:00,2025-02-12 15:33:32.276320+00:00,device_uplink,Ns-3 Application,0001000000000002,Device 2,5,868100000,643,-118,-0.9
2025-02-12 15:17:17.262226+00:00,2025-02-12 15:03:32.276320+00:00,2025-02-12 15:33:32.276320+00:00,device_uplink,Ns-3 Application,0001000000000002,Device 2,5,868100000,645,-115,1.6
2025-02-12 15:17:22.265178+00:00,2025-02-12 15:03:32.276320+00:00,2025-02-12 15:33:32.276320+00:00,device_uplink,Ns-3 Application,0001000000000002,Device 2,5,867500000,646,-118,-0.9
2025-02-12 15:17:27.254019+00:00,2025-02-12 15:03:32.276320+00:00,2025-02-12 15:33:32.276320+00:00,device_uplink,Ns-3 Application,0001000000000002,Device 2,5,868100000,647,-124,-7.2
2025-02-12 15:17:32.251723+00:00,2025-02-12 15:03:32.276320+00:00,2025-02-12 15:33:32.276320+00:00,device_uplink,Ns-3 Application,0001000000000002,Device 2,5,867500000,648,-115,2.0
2025-02-12 15:17:37.258094+00:00,2025-02-12 15:03:32.276320+00:00,2025-02-12 15:33:32.276320+00:00,device_uplink,Ns-3 Application,0001000000000002,Device 2,5,868100000,649,-116,1.5
2025-02-12 15:17:42.260269+00:00,2025-02-12 15:03:32.276320+00:00,2025-02-12 15:33:32.276320+00:00,device_uplink,Ns-3 Application,0001000000000002,Device 2,5,867500000,650,-118,-0.7
2025-02-12 15:17:47.262935+00:00,2025-02-12 15:03:32.276320+00:00,2025-02-12 15:33:32.276320+00:00,device_uplink,Ns-3 Application,0001000000000002,Device 2,5,868100000,651,-123,-6.1
2025-02-12 15:17:52.256503+00:00,2025-02-12 15:03:32.276320+00:00,2025-02-12 15:33:32.276320+00:00,device_uplink,Ns-3 Application,0001000000000002,Device 2,5,867500000,652,-121,-4.2
2025-02-12 15:17:57.256872+00:00,2025-02-12 15:03:32.276320+00:00,2025-02-12 15:33:32.276320+00:00,device_uplink,Ns-3 Application,0001000000000002,Device 2,5,868100000,653,-122,-5.4
2025-02-12 15:18:02.252363+00:00,2025-02-12 15:03:32.276320+00:00,2025-02-12 15:33:32.276320+00:00,device_uplink,Ns-3 Application,0001000000000002,Device 2,5,867500000,654,-126,-8.5
2025-02-12 15:18:07.259862+00:00,2025-02-12 15:03:32.276320+00:00,2025-02-12 15:33:32.276320+00:00,device_uplink,Ns-3 Application,0001000000000002,Device 2,5,868100000,655,-122,-4.7
2025-02-12 15:18:12.264383+00:00,2025-02-12 15:03:32.276320+00:00,2025-02-12 15:33:32.276320+00:00,device_uplink,Ns-3 Application,0001000000000002,Device 2,5,867900000,656,-115,2.5
2025-02-12 15:18:17.263613+00:00,2025-02-12 15:03:32.276320+00:00,2025-02-12 15:33:32.276320+00:00,device_uplink,Ns-3 Application,0001000000000002,Device 2,5,868100000,657,-114,3.2
2025-02-12 15:18:22.259238+00:00,2025-02-12 15:03:32.276320+00:00,2025-02-12 15:33:32.276320+00:00,device_uplink,Ns-3 Application,0001000000000002,Device 2,5,867500000,658,-120,-2.9
2025-02-12 15:18:27.253142+00:00,2025-02-12 15:03:32.276320+00:00,2025-02-12 15:33:32.276320+00:00,device_uplink,Ns-3 Application,0001000000000002,Device 2,5,868100000,659,-121,-3.6
2025-02-12 15:18:37.258126+00:00,2025-02-12 15:03:32.276320+00:00,2025-02-12 15:33:32.276320+00:00,device_uplink,Ns-3 Application,0001000000000002,Device 2,5,868100000,661,-119,-2.4
2025-02-12 15:18:42.264024+00:00,2025-02-12 15:03:32.276320+00:00,2025-02-12 15:33:32.276320+00:00,device_uplink,Ns-3 Application,0001000000000002,Device 2,5,867500000,662,-115,2.3
2025-02-12 15:18:47.256264+00:00,2025-02-12 15:03:32.276320+00:00,2025-02-12 15:33:32.276320+00:00,device_uplink,Ns-3 Application,0001000000000002,Device 2,5,868100000,663,-115,1.6
2025-02-12 15:18:52.262148+00:00,2025-02-12 15:03:32.276320+00:00,2025-02-12 15:33:32.276320+00:00,device_uplink,Ns-3 Application,0001000000000002,Device 2,5,867900000,664,-120,-3.3
2025-02-12 15:19:07.254673+00:00,2025-02-12 15:03:32.276320+00:00,2025-02-12 15:33:32.276320+00:00,device_uplink,Ns-3 Application,0001000000000002,Device 2,5,868100000,667,-115,2.3
2025-02-12 15:19:12.258486+00:00,2025-02-12 15:03:32.276320+00:00,2025-02-12 15:33:32.276320+00:00,device_uplink,Ns-3 Application,0001000000000002,Device 2,5,867500000,668,-118,-1.3
2025-02-12 15:19:17.254344+00:00,2025-02-12 15:03:32.276320+00:00,2025-02-12 15:33:32.276320+00:00,device_uplink,Ns-3 Application,0001000000000002,Device 2,5,868100000,669,-121,-3.6
2025-02-12 15:19:22.252352+00:00,2025-02-12 15:03:32.276320+00:00,2025-02-12 15:33:32.276320+00:00,device_uplink,Ns-3 Application,0001000000000002,Device 2,5,867900000,670,-120,-2.9
2025-02-12 15:19:27.261262+00:00,2025-02-12 15:03:32.276320+00:00,2025-02-12 15:33:32.276320+00:00,device_uplink,Ns-3 Application,0001000000000002,Device 2,5,868100000,671,-117,-0.2
2025-02-12 15:19:32.254137+00:00,2025-02-12 15:03:32.276320+00:00,2025-02-12 15:33:32.276320+00:00,device_uplink,Ns-3 Application,0001000000000002,Device 2,5,867900000,672,-126,-8.7
2025-02-12 15:19:37.254106+00:00,2025-02-12 15:03:32.276320+00:00,2025-02-12 15:33:32.276320+00:00,device_uplink,Ns-3 Application,0001000000000002,Device 2,5,868100000,673,-121,-4.4
2025-02-12 15:19:42.268474+00:00,2025-02-12 15:03:32.276320+00:00,2025-02-12 15:33:32.276320+00:00,device_uplink,Ns-3 Application,0001000000000002,Device 2,5,867500000,674,-115,1.6
2025-02-12 15:19:47.261546+00:00,2025-02-12 15:03:32.276320+00:00,2025-02-12 15:33:32.276320+00:00,device_uplink,Ns-3 Application,0001000000000002,Device 2,5,868100000,675,-120,-2.9
2025-02-12 15:19:52.265179+00:00,2025-02-12 15:03:32.276320+00:00,2025-02-12 15:33:32.276320+00:00,device_uplink,Ns-3 Application,0001000000000002,Device 2,5,867500000,676,-124,-7.2
2025-02-12 15:19:57.259457+00:00,2025-02-12 15:03:32.276320+00:00,2025-02-12 15:33:32.276320+00:00,device_uplink,Ns-3 Application,0001000000000002,Device 2,5,868100000,677,-123,-5.7
2025-02-12 15:20:07.261517+00:00,2025-02-12 15:03:32.276320+00:00,2025-02-12 15:33:32.276320+00:00,device_uplink,Ns-3 Application,0001000000000002,Device 2,5,868100000,679,-125,-7.8
2025-02-12 15:20:12.268963+00:00,2025-02-12 15:03:32.276320+00:00,2025-02-12 15:33:32.276320+00:00,device_uplink,Ns-3 Application,0001000000000002,Device 2,5,867900000,680,-114,3.3
2025-02-12 15:20:17.264495+00:00,2025-02-12 15:03:32.276320+00:00,2025-02-12 15:33:32.276320+00:00,device_uplink,Ns-3 Application,0001000000000002,Device 2,5,868100000,681,-122,-4.9
2025-02-12 15:20:22.270220+00:00,2025-02-12 15:03:32.276320+00:00,2025-02-12 15:33:32.276320+00:00,device_uplink,Ns-3 Application,0001000000000002,Device 2,5,867500000,682,-123,-5.7
2025-02-12 15:20:32.258182+00:00,2025-02-12 15:03:32.276320+00:00,2025-02-12 15:33:32.276320+00:00,device_uplink,Ns-3 Application,0001000000000002,Device 2,5,867500000,684,-116,1.4
2025-02-12 15:20:37.251724+00:00,2025-02-12 15:03:32.276320+00:00,2025-02-12 15:33:32.276320+00:00,device_uplink,Ns-3 Application,0001000000000002,Device 2,5,868100000,685,-122,-5.2
2025-02-12 15:20:42.263853+00:00,2025-02-12 15:03:32.276320+00:00,2025-02-12 15:33:32.276320+00:00,device_uplink,Ns-3 Application,0001000000000002,Device 2,5,867500000,686,-122,-4.8
2025-02-12 15:20:47.265041+00:00,2025-02-12 15:03:32.276320+00:00,2025-02-12 15:33:32.276320+00:00,device_uplink,Ns-3 Application,0001000000000002,Device 2,5,868100000,687,-119,-1.7
2025-02-12 15:20:52.254587+00:00,2025-02-12 15:03:32.276320+00:00,2025-02-12 15:33:32.276320+00:00,device_uplink,Ns-3 Application,0001000000000002,Device 2,5,867900000,688,-115,2.3
2025-02-12 15:21:02.259300+00:00,2025-02-12 15:03:32.276320+00:00,2025-02-12 15:33:32.276320+00:00,device_uplink,Ns-3 Application,0001000000000002,Device 2,5,867900000,690,-114,2.7
2025-02-12 15:21:07.254266+00:00,2025-02-12 15:03:32.276320+00:00,2025-02-12 15:33:32.276320+00:00,device_uplink,Ns-3 Application,0001000000000002,Device 2,5,868100000,691,-124,-6.6
2025-02-12 15:21:12.247256+00:00,2025-02-12 15:03:32.276320+00:00,2025-02-12 15:33:32.276320+00:00,device_uplink,Ns-3 Application,0001000000000002,Device 2,5,867500000,692,-120,-3.0
2025-02-12 15:21:17.254360+00:00,2025-02-12 15:03:32.276320+00:00,2025-02-12 15:33:32.276320+00:00,device_uplink,Ns-3 Application,0001000000000002,Device 2,5,868100000,693,-118,-1.1
2025-02-12 15:21:22.251656+00:00,2025-02-12 15:03:32.276320+00:00,2025-02-12 15:33:32.276320+00:00,device_uplink,Ns-3 Application,0001000000000002,Device 2,5,867500000,694,-123,-6.3
2025-02-12 15:21:27.250588+00:00,2025-02-12 15:03:32.276320+00:00,2025-02-12 15:33:32.276320+00:00,device_uplink,Ns-3 Application,0001000000000002,Device 2,5,868100000,695,-115,1.9
2025-02-12 15:21:32.254406+00:00,2025-02-12 15:03:32.276320+00:00,2025-02-12 15:33:32.276320+00:00,device_uplink,Ns-3 Application,0001000000000002,Device 2,5,867500000,696,-123,-5.5
2025-02-12 15:21:37.251087+00:00,2025-02-12 15:03:32.276320+00:00,2025-02-12 15:33:32.276320+00:00,device_uplink,Ns-3 Application,0001000000000002,Device 2,5,868100000,697,-123,-6.2
2025-02-12 15:25:07.978721+00:00,2025-02-12 15:03:32.276320+00:00,2025-02-12 15:33:32.276320+00:00,device_uplink,Ns-3 Application,0001000000000002,Device 2,5,867500000,698,-117,0.2
2025-02-12 15:25:37.303622+00:00,2025-02-12 15:03:32.276320+00:00,2025-02-12 15:33:32.276320+00:00,device_uplink,Ns-3 Application,0001000000000002,Device 2,5,868100000,745,-123,-6.3
2025-02-12 15:25:42.256608+00:00,2025-02-12 15:03:32.276320+00:00,2025-02-12 15:33:32.276320+00:00,device_uplink,Ns-3 Application,0001000000000002,Device 2,5,867500000,746,-114,2.8
2025-02-12 15:25:47.257091+00:00,2025-02-12 15:03:32.276320+00:00,2025-02-12 15:33:32.276320+00:00,device_uplink,Ns-3 Application,0001000000000002,Device 2,5,868100000,747,-120,-3.0
2025-02-12 15:25:52.257280+00:00,2025-02-12 15:03:32.276320+00:00,2025-02-12 15:33:32.276320+00:00,device_uplink,Ns-3 Application,0001000000000002,Device 2,5,867500000,748,-123,-5.6
2025-02-12 15:25:57.335416+00:00,2025-02-12 15:03:32.276320+00:00,2025-02-12 15:33:32.276320+00:00,device_uplink,Ns-3 Application,0001000000000002,Device 2,5,868100000,749,-118,-1.0
2025-02-12 15:26:02.261069+00:00,2025-02-12 15:03:32.276320+00:00,2025-02-12 15:33:32.276320+00:00,device_uplink,Ns-3 Application,0001000000000002,Device 2,5,867500000,750,-126,-8.9
2025-02-12 15:26:07.259418+00:00,2025-02-12 15:03:32.276320+00:00,2025-02-12 15:33:32.276320+00:00,device_uplink,Ns-3 Application,0001000000000002,Device 2,5,868100000,751,-120,-2.6
2025-02-12 15:26:12.249933+00:00,2025-02-12 15:03:32.276320+00:00,2025-02-12 15:33:32.276320+00:00,device_uplink,Ns-3 Application,0001000000000002,Device 2,5,867900000,752,-119,-1.9
2025-02-12 15:26:17.254406+00:00,2025-02-12 15:03:32.276320+00:00,2025-02-12 15:33:32.276320+00:00,device_uplink,Ns-3 Application,0001000000000002,Device 2,5,868100000,753,-115,1.8
2025-02-12 15:26:22.258873+00:00,2025-02-12 15:03:32.276320+00:00,2025-02-12 15:33:32.276320+00:00,device_uplink,Ns-3 Application,0001000000000002,Device 2,5,867500000,754,-117,0.0
2025-02-12 15:26:27.255927+00:00,2025-02-12 15:03:32.276320+00:00,2025-02-12 15:33:32.276320+00:00,device_uplink,Ns-3 Application,0001000000000002,Device 2,5,868100000,755,-124,-6.8
2025-02-12 15:26:32.250563+00:00,2025-02-12 15:03:32.276320+00:00,2025-02-12 15:33:32.276320+00:00,device_uplink,Ns-3 Application,0001000000000002,Device 2,5,867500000,756,-119,-1.7
2025-02-12 15:26:37.255621+00:00,2025-02-12 15:03:32.276320+00:00,2025-02-12 15:33:32.276320+00:00,device_uplink,Ns-3 Application,0001000000000002,Device 2,5,868100000,757,-120,-3.4
2025-02-12 15:26:42.250099+00:00,2025-02-12 15:03:32.276320+00:00,2025-02-12 15:33:32.276320+00:00,device_uplink,Ns-3 Application,0001000000000002,Device 2,5,867500000,758,-115,2.5
2025-02-12 15:26:47.251390+00:00,2025-02-12 15:03:32.276320+00:00,2025-02-12 15:33:32.276320+00:00,device_uplink,Ns-3 Application,0001000000000002,Device 2,5,868100000,759,-120,-3.4
2025-02-12 15:26:52.248014+00:00,2025-02-12 15:03:32.276320+00:00,2025-02-12 15:33:32.276320+00:00,device_uplink,Ns-3 Application,0001000000000002,Device 2,5,867900000,760,-120,-2.9
2025-02-12 15:26:57.251839+00:00,2025-02-12 15:03:32.276320+00:00,2025-02-12 15:33:32.276320+00:00,device_uplink,Ns-3 Application,0001000000000002,Device 2,5,868100000,761,-123,-5.6
2025-02-12 15:27:02.255224+00:00,2025-02-12 15:03:32.276320+00:00,2025-02-12 15:33:32.276320+00:00,device_uplink,Ns-3 Application,0001000000000002,Device 2,5,867500000,762,-121,-3.8
2025-02-12 15:27:07.253819+00:00,2025-02-12 15:03:32.276320+00:00,2025-02-12 15:33:32.276320+00:00,device_uplink,Ns-3 Application,0001000000000002,Device 2,5,868100000,763,-122,-4.7
2025-02-12 15:27:12.255149+00:00,2025-02-12 15:03:32.276320+00:00,2025-02-12 15:33:32.276320+00:00,device_uplink,Ns-3 Application,0001000000000002,Device 2,5,867500000,764,-116,0.8
2025-02-12 15:27:17.247874+00:00,2025-02-12 15:03:32.276320+00:00,2025-02-12 15:33:32.276320+00:00,device_uplink,Ns-3 Application,0001000000000002,Device 2,5,868100000,765,-123,-5.6
2025-02-12 15:27:22.278778+00:00,2025-02-12 15:03:32.276320+00:00,2025-02-12 15:33:32.276320+00:00,device_uplink,Ns-3 Application,0001000000000002,Device 2,5,867500000,766,-120,-2.7
2025-02-12 15:27:32.253912+00:00,2025-02-12 15:03:32.276320+00:00,2025-02-12 15:33:32.276320+00:00,device_uplink,Ns-3 Application,0001000000000002,Device 2,5,867900000,768,-114,2.6
2025-02-12 15:27:37.263608+00:00,2025-02-12 15:03:32.276320+00:00,2025-02-12 15:33:32.276320+00:00,device_uplink,Ns-3 Application,0001000000000002,Device 2,5,868100000,769,-120,-3.3
2025-02-12 15:27:42.280736+00:00,2025-02-12 15:03:32.276320+00:00,2025-02-12 15:33:32.276320+00:00,device_uplink,Ns-3 Application,0001000000000002,Device 2,5,867900000,770,-117,0.3
2025-02-12 15:27:47.276857+00:00,2025-02-12 15:03:32.276320+00:00,2025-02-12 15:33:32.276320+00:00,device_uplink,Ns-3 Application,0001000000000002,Device 2,5,868100000,771,-115,2.0
2025-02-12 15:27:57.263113+00:00,2025-02-12 15:03:32.276320+00:00,2025-02-12 15:33:32.276320+00:00,device_uplink,Ns-3 Application,0001000000000002,Device 2,5,868100000,773,-119,-1.6
2025-02-12 15:28:02.258840+00:00,2025-02-12 15:03:32.276320+00:00,2025-02-12 15:33:32.276320+00:00,device_uplink,Ns-3 Application,0001000000000002,Device 2,5,867900000,774,-120,-3.1
2025-02-12 15:28:07.259067+00:00,2025-02-12 15:03:32.276320+00:00,2025-02-12 15:33:32.276320+00:00,device_uplink,Ns-3 Application,0001000000000002,Device 2,5,868100000,775,-119,-2.0
2025-02-12 15:28:12.259104+00:00,2025-02-12 15:03:32.276320+00:00,2025-02-12 15:33:32.276320+00:00,device_uplink,Ns-3 Application,0001000000000002,Device 2,5,867500000,776,-116,0.7
2025-02-12 15:28:17.258997+00:00,2025-02-12 15:03:32.276320+00:00,2025-02-12 15:33:32.276320+00:00,device_uplink,Ns-3 Application,0001000000000002,Device 2,5,868100000,777,-119,-2.1
2025-02-12 15:28:22.258774+00:00,2025-02-12 15:03:32.276320+00:00,2025-02-12 15:33:32.276320+00:00,device_uplink,Ns-3 Application,0001000000000002,Device 2,5,867500000,778,-117,0.2
2025-02-12 15:28:32.255767+00:00,2025-02-12 15:03:32.276320+00:00,2025-02-12 15:33:32.276320+00:00,device_uplink,Ns-3 Application,0001000000000002,Device 2,5,867900000,780,-118,-0.9
2025-02-12 15:28:37.253038+00:00,2025-02-12 15:03:32.276320+00:00,2025-02-12 15:33:32.276320+00:00,device_uplink,Ns-3 Application,0001000000000002,Device 2,5,868100000,781,-125,-7.7
2025-02-12 15:28:42.255781+00:00,2025-02-12 15:03:32.276320+00:00,2025-02-12 15:33:32.276320+00:00,device_uplink,Ns-3 Application,0001000000000002,Device 2,5,867500000,782,-120,-2.5
2025-02-12 15:28:47.260670+00:00,2025-02-12 15:03:32.276320+00:00,2025-02-12 15:33:32.276320+00:00,device_uplink,Ns-3 Application,0001000000000002,Device 2,5,868100000,783,-118,-0.9
2025-02-12 15:28:52.255217+00:00,2025-02-12 15:03:32.276320+00:00,2025-02-12 15:33:32.276320+00:00,device_uplink,Ns-3 Application,0001000000000002,Device 2,5,867500000,784,-116,0.9
2025-02-12 15:28:57.258690+00:00,2025-02-12 15:03:32.276320+00:00,2025-02-12 15:33:32.276320+00:00,device_uplink,Ns-3 Application,0001000000000002,Device 2,5,868100000,785,-119,-1.7
2025-02-12 15:29:07.269078+00:00,2025-02-12 15:03:32.276320+00:00,2025-02-12 15:33:32.276320+00:00,device_uplink,Ns-3 Application,0001000000000002,Device 2,5,868100000,787,-121,-3.9
2025-02-12 15:29:12.257019+00:00,2025-02-12 15:03:32.276320+00:00,2025-02-12 15:33:32.276320+00:00,device_uplink,Ns-3 Application,0001000000000002,Device 2,5,867900000,788,-118,-0.5
2025-02-12 15:29:17.257473+00:00,2025-02-12 15:03:32.276320+00:00,2025-02-12 15:33:32.276320+00:00,device_uplink,Ns-3 Application,0001000000000002,Device 2,5,868100000,789,-116,0.5
2025-02-12 15:29:22.252267+00:00,2025-02-12 15:03:32.276320+00:00,2025-02-12 15:33:32.276320+00:00,device_uplink,Ns-3 Application,0001000000000002,Device 2,5,867900000,790,-120,-3.0
2025-02-12 15:29:27.257544+00:00,2025-02-12 15:03:32.276320+00:00,2025-02-12 15:33:32.276320+00:00,device_uplink,Ns-3 Application,0001000000000002,Device 2,5,868100000,791,-121,-4.2
2025-02-12 15:29:37.269459+00:00,2025-02-12 15:03:32.276320+00:00,2025-02-12 15:33:32.276320+00:00,device_uplink,Ns-3 Application,0001000000000002,Device 2,5,868100000,793,-114,3.4
2025-02-12 15:29:42.254151+00:00,2025-02-12 15:03:32.276320+00:00,2025-02-12 15:33:32.276320+00:00,device_uplink,Ns-3 Application,0001000000000002,Device 2,5,867900000,794,-117,0.4
2025-02-12 15:29:47.264268+00:00,2025-02-12 15:03:32.276320+00:00,2025-02-12 15:33:32.276320+00:00,device_uplink,Ns-3 Application,0001000000000002,Device 2,5,868100000,795,-125,-7.8
2025-02-12 15:29:52.257766+00:00,2025-02-12 15:03:32.276320+00:00,2025-02-12 15:33:32.276320+00:00,device_uplink,Ns-3 Application,0001000000000002,Device 2,5,867500000,796,-117,0.1
2025-02-12 15:29:57.258289+00:00,2025-02-12 15:03:32.276320+00:00,2025-02-12 15:33:32.276320+00:00,device_uplink,Ns-3 Application,0001000000000002,Device 2,5,868100000,797,-118,-1.2
2025-02-12 15:30:02.262115+00:00,2025-02-12 15:03:32.276320+00:00,2025-02-12 15:33:32.276320+00:00,device_uplink,Ns-3 Application,0001000000000002,Device 2,5,867900000,798,-122,-4.9
2025-02-12 15:30:07.263619+00:00,2025-02-12 15:03:32.276320+00:00,2025-02-12 15:33:32.276320+00:00,device_uplink,Ns-3 Application,0001000000000002,Device 2,5,868100000,799,-122,-4.7
2025-02-12 15:30:12.254949+00:00,2025-02-12 15:03:32.276320+00:00,2025-02-12 15:33:32.276320+00:00,device_uplink,Ns-3 Application,0001000000000002,Device 2,5,867900000,800,-114,2.6
2025-02-12 15:30:17.259183+00:00,2025-02-12 15:03:32.276320+00:00,2025-02-12 15:33:32.276320+00:00,device_uplink,Ns-3 Application,0001000000000002,Device 2,5,868100000,801,-121,-3.7
2025-02-12 15:30:22.255527+00:00,2025-02-12 15:03:32.276320+00:00,2025-02-12 15:33:32.276320+00:00,device_uplink,Ns-3 Application,0001000000000002,Device 2,5,867500000,802,-121,-4.4
2025-02-12 15:30:27.253934+00:00,2025-02-12 15:03:32.276320+00:00,2025-02-12 15:33:32.276320+00:00,device_uplink,Ns-3 Application,0001000000000002,Device 2,5,868100000,803,-124,-7.0
2025-02-12 15:30:37.256241+00:00,2025-02-12 15:03:32.276320+00:00,2025-02-12 15:33:32.276320+00:00,device_uplink,Ns-3 Application,0001000000000002,Device 2,5,868100000,805,-119,-1.8
2025-02-12 15:30:52.253603+00:00,2025-02-12 15:03:32.276320+00:00,2025-02-12 15:33:32.276320+00:00,device_uplink,Ns-3 Application,0001000000000002,Device 2,5,867900000,808,-117,0.5
2025-02-12 15:30:57.259228+00:00,2025-02-12 15:03:32.276320+00:00,2025-02-12 15:33:32.276320+00:00,device_uplink,Ns-3 Application,0001000000000002,Device 2,5,868100000,809,-117,0.4
2025-02-12 15:31:02.255762+00:00,2025-02-12 15:03:32.276320+00:00,2025-02-12 15:33:32.276320+00:00,device_uplink,Ns-3 Application,0001000000000002,Device 2,5,867500000,810,-124,-7.2
2025-02-12 15:31:07.253828+00:00,2025-02-12 15:03:32.276320+00:00,2025-02-12 15:33:32.276320+00:00,device_uplink,Ns-3 Application,0001000000000002,Device 2,5,868100000,811,-121,-4.3
2025-02-12 15:31:17.255817+00:00,2025-02-12 15:03:32.276320+00:00,2025-02-12 15:33:32.276320+00:00,device_uplink,Ns-3 Application,0001000000000002,Device 2,5,868100000,813,-123,-6.3
2025-02-12 15:31:22.258456+00:00,2025-02-12 15:03:32.276320+00:00,2025-02-12 15:33:32.276320+00:00,device_uplink,Ns-3 Application,0001000000000002,Device 2,5,867900000,814,-120,-2.7
2025-02-12 15:31:27.254641+00:00,2025-02-12 15:03:32.276320+00:00,2025-02-12 15:33:32.276320+00:00,device_uplink,Ns-3 Application,0001000000000002,Device 2,5,868100000,815,-124,-6.9
2025-02-12 15:31:32.262974+00:00,2025-02-12 15:03:32.276320+00:00,2025-02-12 15:33:32.276320+00:00,device_uplink,Ns-3 Application,0001000000000002,Device 2,5,867900000,816,-116,0.7
2025-02-12 15:31:37.254914+00:00,2025-02-12 15:03:32.276320+00:00,2025-02-12 15:33:32.276320+00:00,device_uplink,Ns-3 Application,0001000000000002,Device 2,5,868100000,817,-116,0.6
2025-02-12 15:31:42.252207+00:00,2025-02-12 15:03:32.276320+00:00,2025-02-12 15:33:32.276320+00:00,device_uplink,Ns-3 Application,0001000000000002,Device 2,5,867900000,818,-122,-4.7
2025-02-12 15:31:47.260247+00:00,2025-02-12 15:03:32.276320+00:00,2025-02-12 15:33:32.276320+00:00,device_uplink,Ns-3 Application,0001000000000002,Device 2,5,868100000,819,-124,-7.4
2025-02-12 15:31:52.259037+00:00,2025-02-12 15:03:32.276320+00:00,2025-02-12 15:33:32.276320+00:00,device_uplink,Ns-3 Application,0001000000000002,Device 2,5,867500000,820,-125,-8.1
2025-02-12 15:31:57.260891+00:00,2025-02-12 15:03:32.276320+00:00,2025-02-12 15:33:32.276320+00:00,device_uplink,Ns-3 Application,0001000000000002,Device 2,5,868100000,821,-122,-5.3
2025-02-12 15:32:02.256792+00:00,2025-02-12 15:03:32.276320+00:00,2025-02-12 15:33:32.276320+00:00,device_uplink,Ns-3 Application,0001000000000002,Device 2,5,867500000,822,-123,-6.2
2025-02-12 15:32:07.254154+00:00,2025-02-12 15:03:32.276320+00:00,2025-02-12 15:33:32.276320+00:00,device_uplink,Ns-3 Application,0001000000000002,Device 2,5,868100000,823,-125,-8.3
2025-02-12 15:32:12.256232+00:00,2025-02-12 15:03:32.276320+00:00,2025-02-12 15:33:32.276320+00:00,device_uplink,Ns-3 Application,0001000000000002,Device 2,5,867900000,824,-117,0.2
2025-02-12 15:32:22.255958+00:00,2025-02-12 15:03:32.276320+00:00,2025-02-12 15:33:32.276320+00:00,device_uplink,Ns-3 Application,0001000000000002,Device 2,5,867900000,826,-122,-4.5
2025-02-12 15:32:27.255531+00:00,2025-02-12 15:03:32.276320+00:00,2025-02-12 15:33:32.276320+00:00,device_uplink,Ns-3 Application,0001000000000002,Device 2,5,868100000,827,-117,0.0
2025-02-12 15:32:37.255415+00:00,2025-02-12 15:03:32.276320+00:00,2025-02-12 15:33:32.276320+00:00,device_uplink,Ns-3 Application,0001000000000002,Device 2,5,868100000,829,-126,-9.3
2025-02-12 15:32:42.260710+00:00,2025-02-12 15:03:32.276320+00:00,2025-02-12 15:33:32.276320+00:00,device_uplink,Ns-3 Application,0001000000000002,Device 2,5,867900000,830,-126,-8.6
2025-02-12 15:32:47.255165+00:00,2025-02-12 15:03:32.276320+00:00,2025-02-12 15:33:32.276320+00:00,device_uplink,Ns-3 Application,0001000000000002,Device 2,5,868100000,831,-121,-4.1
2025-02-12 15:32:52.266711+00:00,2025-02-12 15:03:32.276320+00:00,2025-02-12 15:33:32.276320+00:00,device_uplink,Ns-3 Application,0001000000000002,Device 2,5,867900000,832,-117,0.5
2025-02-12 15:32:57.255306+00:00,2025-02-12 15:03:32.276320+00:00,2025-02-12 15:33:32.276320+00:00,device_uplink,Ns-3 Application,0001000000000002,Device 2,5,868100000,833,-124,-7.4
2025-02-12 15:33:02.253972+00:00,2025-02-12 15:03:32.276320+00:00,2025-02-12 15:33:32.276320+00:00,device_uplink,Ns-3 Application,0001000000000002,Device 2,5,867900000,834,-118,-0.7
2025-02-12 15:33:07.281146+00:00,2025-02-12 15:03:32.276320+00:00,2025-02-12 15:33:32.276320+00:00,device_uplink,Ns-3 Application,0001000000000002,Device 2,5,868100000,835,-121,-3.6
2025-02-12 15:33:12.254156+00:00,2025-02-12 15:03:32.276320+00:00,2025-02-12 15:33:32.276320+00:00,device_uplink,Ns-3 Application,0001000000000002,Device 2,5,867500000,836,-119,-2.0
2025-02-12 15:33:27.256360+00:00,2025-02-12 15:03:32.276320+00:00,2025-02-12 15:33:32.276320+00:00,device_uplink,Ns-3 Application,0001000000000002,Device 2,5,868100000,839,-126,-8.9
2025-02-12 15:33:32.274633+00:00,2025-02-12 15:03:32.276320+00:00,2025-02-12 15:33:32.276320+00:00,device_uplink,Ns-3 Application,0001000000000002,Device 2,5,867500000,840,-119,-1.7
